"V1","V2","V3","V4","V5","V6","V7","V8","V9","V10","Y"
0.905117033671497,7.53777720034122,6.90601421287283,-0.508778425691585,3.46661927411333,2.26042359826436,0.656011927231627,2.41576393833384,4.00081048253924,-0.758200873701752,100.789612119625
0.587398608070893,5.81753087928519,6.84360167942941,1.24770670254172,6.75347988028079,-0.461055995122577,-1.68814386507626,6.97163093369454,1.31135014817119,2.7740655680799,116.103237176958
-1.27836288521532,0.609480435959995,2.87229508860037,0.038918422427134,8.65296085597947,0.627044929062797,-0.791877093194856,4.57044270820916,2.25146620068699,-0.684458644269622,87.333809522681
1.31601541492694,1.54196694493294,0.234593832865357,1.92738020263633,5.85459671914577,-1.14125732718244,2.04449968590785,8.4267606632784,5.18965939292684,0.25162712079114,100.122544207612
0.80840866097325,7.14674319373444,1.58488312037662,0.821665885399671,0.386151960119605,-0.717204606779198,-1.45780096594332,3.08792892144993,9.43895062897354,0.649140991904953,97.2109807370248
-0.00255733351552709,4.01697498746216,6.34955912595615,0.331063557625535,6.64654276100919,1.37107625651441,0.859505879973995,8.13580837566406,7.44049299042672,-0.90338443797329,153.011017173316
-0.532471871814687,5.90495882323012,4.87566499272361,-0.114779656894747,6.75065727671608,0.790286988184839,0.571033196544076,4.81697878800333,0.69743023486808,1.57401793164799,92.0017342898814
0.536915945507431,2.30686657596380,8.42782872496173,-0.0272064173344541,7.8996738861315,-0.0880359118385056,0.057073172812791,8.20182054303586,2.82790100201964,0.679034084906431,138.691518550383
0.774407707029832,7.1174382022582,7.91112470673397,1.18338458262450,6.8201216426678,-0.628832108536269,0.706685851647935,5.90665464522317,2.44009498506784,1.15406414639617,123.214873983409
0.444224903415342,6.98117097141221,5.46371574280784,-2.09789900084594,0.991921920794994,0.268922000766091,1.44396662832837,8.18941469304264,9.85747190890834,-0.0975565101722504,148.678904529414
-1.21228131699489,9.52047043479979,9.26207141950727,-0.153920839731995,5.50977507140487,-1.45896319010448,0.674235806948608,6.73578350106254,7.22088071983308,-0.391142863695246,165.945766094928
0.136936439306805,5.7009135838598,5.18544778926298,1.21689638329109,0.820589575450867,-0.288846418318345,-0.382199250448225,5.14760551275685,6.64708103518933,-0.068556979045376,106.513586083577
1.55039012459715,2.88103827973828,7.42657606257126,0.783633072929301,2.84973555477336,0.17949712213599,1.41758621695070,1.07562694931403,0.933785925153643,0.878107764805609,68.7310410255414
0.448659022992849,2.47085076989606,8.10728434007615,0.595082846262649,3.83687376044691,-0.562657416013973,-1.94941000870667,7.92642609681934,0.796539401635528,-0.973394750276597,104.948366632184
0.819516617099365,8.11423501232639,7.36940589500591,0.60747464258214,7.14836621191353,0.945863100857512,2.29967724318609,8.35571407806128,4.66323480708525,-0.4212452650093,151.961039643913
-0.437257503785887,6.90313630970195,0.741068632341921,-0.836137144244067,4.87762020202354,-0.312875691608337,-0.120535096289622,1.12854756414890,7.5315084005706,0.781752052847428,87.092315193443
-0.455069373872312,2.90756587404758,1.19990339735523,2.27431637373137,4.89409737056121,-1.62604110802456,-2.24613024317129,2.1375456196256,3.19460698636249,-0.931206555477842,63.1600566793205
-0.67599676369446,1.86661247164011,5.09714675834402,-0.47463942651696,0.243303698953241,0.894018629566995,0.41313615219972,0.599413954187185,2.83917070599273,0.4515565564672,50.8207110275488
-0.396862453579541,7.351096754428,3.25744783040136,1.52082602158909,3.35718512302265,0.613324276950641,-2.04643192092966,4.63540246011689,9.6142086177133,0.904259439944057,126.931130380067
1.06810741406557,7.12351130554453,7.52638190751895,-2.04436097236402,5.33958128653467,1.16941726194988,0.754427480549843,0.392062605824322,3.24897822923958,-2.04602994326907,95.6876866864755
-0.0366489750398700,6.5804092423059,0.0235283956862986,-0.133362348315768,4.90879001561552,-0.171102452717712,0.548922072701588,0.089649842120707,0.181078487075865,0.853079628659667,36.1082977629177
0.224931397552940,0.935839293524623,8.89199218712747,2.79768088004225,2.42657174589112,-1.84181289812833,-0.292920324497516,1.62826735991985,9.62116275681183,-0.75449322951905,123.102380646198
-0.715462881888874,3.52904117433354,5.57536154985428,0.234867116205586,3.88393923873082,0.0786482059106969,-0.361628287259954,3.55920950649306,5.2824206603691,-2.07272674207174,101.459241414069
1.76458261970076,2.43186522740871,5.24233813863248,0.66996937973209,9.61582395480946,-1.75735402184651,0.601358707504981,8.43566576950252,8.37008689995855,0.190278340187423,162.660058416296
0.211487380725679,0.459542868193239,4.18487557442859,0.0797324086594215,8.6448718025349,-1.41222622351188,0.244648427357071,7.7240331005305,1.51516481302679,-0.844590286792335,104.492417129776
0.0576934847613417,8.81802168441936,6.40594631899148,-0.560303119812113,1.16848607780412,0.484121958824557,0.173042972073394,4.79377121431753,7.72422834997997,1.12242170874718,126.481451726247
1.43030508844250,9.56010263878852,5.09156245738268,0.4598684822989,2.45706815505400,-0.313150999751328,-1.26301431507089,1.31222064374015,0.770023914519697,-1.2375608655896,67.9912218475893
-1.30040194001832,9.98496890533715,0.191989173181355,1.41733688944936,7.58778014453128,-0.87735993233492,1.30936887112653,0.16169476788491,7.39645909518003,0.455598665428237,96.9638882495389
0.98866294220781,6.88637326704338,1.30363582400605,0.0168843438095226,7.09331108490005,-1.11649896031655,-0.843053614195277,3.48404649412259,0.161802207585424,-1.66469703270654,67.5109743678248
0.258777583907019,7.08243826171383,6.29610873060301,-0.919432893075766,4.6046432480216,-1.48805461880122,1.01796077388249,8.34857661509886,9.24614751245826,-0.779171110758319,162.502794903161
0.632769226134854,1.92972796503454,9.31466679088771,-0.865233271000813,6.90743658924475,-2.13185346134938,0.970312570344106,4.09573070937768,0.362345606554300,0.615259759378549,102.622869555733
0.286220659900679,5.37794961826876,3.81889621959999,-0.078732531018965,7.36553821712732,1.71021120150691,0.698356184670544,1.93914534524083,7.66108298674226,0.981936734896877,115.978977240418
-0.439359791530503,7.78789312113076,9.76539099123329,0.464192399593189,6.02667154278606,0.341329078592051,-0.583784389979399,9.24646493280306,4.62228882592171,-0.467103791801044,164.472114069974
0.548002239560271,6.08131603337824,2.90350547991693,-0.75258058072078,3.33879761630669,-0.284291001075491,-0.109505439902330,1.54552303953096,7.02607551123947,0.180128703522936,90.9249999273757
0.375390789555003,3.78932823427022,5.62417801469564,0.410803350218346,6.44430209416896,-0.904888642506912,2.00497843221831,8.68792433990166,3.1086471513845,-0.819795031872495,124.265392903713
0.45394938183165,0.491718279663473,7.48503760201856,0.41460650536931,2.85888495389372,0.023305958952715,1.24519021912853,0.224551425781101,1.84806185541674,0.298300187565466,61.2878005985624
0.267662287810763,6.69618308078498,9.2544805421494,0.513525875787307,1.16300830617547,-1.78533057924971,0.263756268710232,9.56615300150588,7.82105983467773,-0.0376200728231432,160.25989729016
-0.0570387001000561,7.50777189154178,9.57639744505286,-2.40387093932234,0.110733874607831,1.47712936020604,-0.229113330615753,4.62877342477441,8.55967852752656,-0.331113846070957,138.548254509927
-0.683854493560074,8.24947137152776,5.13334176037461,1.49057111487945,8.88579949270934,-1.09944388205529,-1.37537732842346,1.66423452785239,0.681684040464461,1.07665252211086,91.6865697639814
0.895849877838558,9.0176454372704,1.78014500066638,1.77898640152664,6.80971729569137,-1.16742220789413,-1.97611689298765,1.68437965447083,2.62672014301643,-0.238425919113070,79.7945902178434
-0.170716139303945,0.00753400614485145,8.9640574180521,2.1682875452539,7.56039039697498,0.571312294950002,0.400314187009903,8.99392740800977,4.02499734656885,1.84262036226121,144.303912065820
0.582260044781905,9.0408741030842,7.79904541559517,0.833617243579118,0.986107259523124,2.20721612029367,0.82859618713802,7.18279073247686,1.49870487162843,0.243432481356506,107.873974466235
0.554571751675262,0.435524461790919,1.97177352383733,-1.51822032516059,1.52485466795042,-1.34606946580233,-0.725337917845967,8.0239018634893,2.04514651326463,0.171167270418023,69.8010194502334
0.902061761452094,3.05726945167407,4.01754743652418,1.29495947008359,2.12150266394019,-1.13746415122856,0.263698406115245,7.67675077309832,3.67404408520088,-1.91297874710235,96.3618604862377
-0.75622764155658,6.06117920484394,4.13983580423519,-2.98938076388852,7.74382217321545,0.250951320372186,0.00683298372471718,9.3789843074046,9.12978312233463,-0.48345524620146,165.811609717557
-0.697298156592192,1.08291063690558,3.41625308617949,0.541443058312569,9.70764703582972,1.45647012417821,-0.338083664356710,7.01079357182607,0.538979719858617,-1.36966715821934,97.5204491852446
-0.743521039669895,8.36743844440207,3.24867343064398,-1.23643987417757,5.6150020705536,0.107724084207598,-0.868877741526098,9.29480018559843,6.89955047797412,0.639433130812743,145.540560900460
-0.93867950144737,2.80276785604656,3.41279126703739,-0.940155724936357,5.69511812180281,1.15079387623359,0.172150482517417,3.34912382299080,9.48833961738274,-0.136653101230520,119.270182901534
0.437329906548193,9.9607037100941,8.23760056868196,-2.22514042122477,2.90407582418993,0.975494477723888,0.0136739479598386,4.87555433996022,0.834580976516008,0.6092515042401,101.852628503574
-0.100456938922120,7.8231053124182,0.692580749746412,-2.47944983871151,2.17729609226808,-0.0404790461947798,-2.66853940437501,1.46228877594694,9.18362249387428,0.0472884380558193,92.9497962095362
1.33851313987128,2.00361740542576,4.89409296074882,-0.407056063817286,7.07452835515141,-0.612994864114347,-0.623090371986538,6.56347312731668,7.04602816374972,0.546180173338162,132.899927745932
-1.06115278648025,8.40399236185476,4.94574781274423,-0.246582652260819,1.22587084304541,-0.357007400547059,-0.973821660231274,8.93747491762042,8.92540703294799,-0.432759233820057,144.030040877718
0.564488711821127,9.37331359134987,8.29697208479047,-0.964529849316825,6.64417509222403,1.75893927691479,-0.734235799960906,3.41083094943315,6.5935546439141,-0.433540183691973,143.476141798310
-0.113708549541956,8.53978934232146,8.99773358134553,1.1169622683376,3.98571703350171,-1.46357568233534,0.253295923873676,0.217194191645831,7.96309314435348,0.258523787575301,129.722751739614
-0.795873678080071,4.8305042879656,7.75602912763134,0.88455406245636,8.96937895799056,0.201465187084146,-0.732524852258922,6.2513665528968,2.61876685312018,-0.0530980660456827,133.479529712500
0.672066136061081,8.25103469425812,3.06223138934001,1.18281167416852,6.34893012465909,0.183574682728354,-0.243557172047187,5.68500714376569,3.75366061925888,-0.394288990932967,110.986512212502
0.705003256681903,4.04326261486858,2.88345487089828,-0.308159921110479,1.02106274338439,-0.00808682529524525,-0.308749521851914,9.03849062044173,1.17960685864091,0.383873321000326,79.4397278305434
-0.321575647719116,1.69800877105445,3.80606192862615,-1.49902872890511,3.33986138226464,0.0561481124527477,-0.206549344566657,0.82111153518781,1.67157232062891,0.143545689360840,50.705786452179
-1.19385960812332,6.33234405191615,3.60096880001947,-0.670309204645887,1.86181916389614,-1.29838495105006,-0.817175873821677,3.71919749537483,9.18327757157385,-1.04659893352967,115.823911481694
-0.113320209590727,3.2529771188274,6.75830565392971,-0.876241953203966,0.703382939100266,1.29185906314409,-0.26203265652748,8.95385433454067,6.05423208093271,2.15865602881171,125.362354784365
-0.355229135760836,3.45424821367487,3.49142465740442,0.884153840133533,7.72842676844448,0.562878864246948,-0.162121927528312,9.04310457641259,0.695668733678758,1.03131444806575,105.768898450244
0.239107893688995,5.0821053981781,6.32597058080137,-0.00132914320020664,1.72488025855273,0.602942194826139,1.62336766506491,2.05620930995792,8.92914506606758,0.161912039332919,113.173618368177
-0.230607255031708,2.60772904846817,3.57491334667429,0.133931246348575,6.18828181410208,0.0481250253670613,-0.167295904721038,1.83855259325355,9.72766252467409,-0.243121593458965,117.988164664424
-0.633046586504516,7.59997415822,5.26649063685909,0.0410756996698016,9.6538686263375,0.525809750656694,-0.386643656927651,7.38998037297279,8.77815355081111,-0.0412082325657086,170.912807867059
-2.87415637936851,8.03843023488298,2.09094130434096,-0.577865734089535,8.90787421260029,1.51027929795300,-0.999690724624327,6.48299815133214,7.30749456444755,1.46311872614545,138.077067328158
0.411527874492964,7.37882583402097,1.98954844847322,0.4435886575,2.30655097868294,-0.896767235513635,2.18015197830242,9.29894706932828,7.7105669816956,0.851375146289696,127.667558556101
-0.376177459153501,0.175950531847775,2.78330795001239,-2.20935683245124,5.37973888684064,0.601880253201097,-0.285130296793091,8.44604989746585,7.69715824630111,-0.844245804560083,124.522924136897
-1.67773399226357,3.97008947096765,1.14536280743778,-1.96425401005579,2.54932977491990,1.17820986507292,-0.0886058812068751,6.99225750286132,1.32834870135412,-0.522645491073049,67.1345355587084
2.38973653336911,1.99961695587263,5.41342307114974,-0.495667146567562,3.70416379533708,-0.118716565189360,0.265004504305758,1.57623841194436,2.49843271449208,-1.63609507274129,68.9108539818376
0.0541331831628817,9.8669736343436,8.49345721071586,-0.876184156287527,5.66594774834812,-1.41286137847699,0.963551952225291,5.70589756825939,3.13406797591597,2.31377325580405,133.41020038666
-0.195556172496538,6.58768930705264,4.41214140271768,-0.659953629882059,5.04598893458024,0.462558039709343,0.499784526154386,3.93692753044888,9.15940290084109,0.752243086062593,129.738109382411
0.702186840720337,7.17730697244406,6.88549315789714,-0.996620281101264,6.46756129339337,-1.27823816025755,1.12373491726160,6.8130929209292,3.78679319983348,-0.0263333710858995,131.391054102442
-0.250603336032370,9.05898330267519,2.72873747162521,1.35027041457349,7.51881000120193,0.397605067723346,0.260994896907095,0.377676077187061,5.45688785845414,-0.225165711244730,96.129811466468
0.225896043769133,3.07164814323187,2.28939704829827,-2.65163962929034,0.309955857228488,0.00780980075735782,0.562045908106739,9.34274571482092,0.50318653229624,-0.623463335742,68.5555053763402
-0.158746395400131,1.91449519013986,3.10378233669326,-0.546953724395144,8.23491351446137,-0.130657790109633,0.402445639712294,2.60737976292148,7.96143029350787,0.778190517195437,114.228718441258
-0.588258334729553,6.5157610620372,5.17992792651057,1.11771865575278,0.669247317127883,1.70699348972371,0.165239858775543,4.43715999135748,6.77988131530583,-0.424954578188246,104.945149134278
-2.16840692040046,1.30713337566704,6.59797521773726,-0.167757031995396,4.88643210381269,-0.291001967250792,-0.0523706283736235,1.95988506311551,5.67333374172449,1.75481402748844,101.416214202840
0.599427389001604,0.939083045814186,1.46222449373454,1.03106654635217,4.31775088654831,0.988762853647568,-0.0834841848526922,2.35146616585553,9.84463529894128,0.77003416183048,96.9582306845304
-1.13670557327835,3.86169028934091,2.79723023297265,-1.07059300578919,1.06044415850192,0.281749143685834,0.589489427041449,4.22046695370227,3.38277200702578,0.110805833447412,68.9982761641801
0.674368610709502,2.34152014367282,5.35525779472664,0.9708081368157,3.99714807514101,-1.15050766288596,-1.29187174364429,5.33177164616063,3.29709494952112,1.58230520043869,95.6266913312006
-0.656560643124048,9.47133204899728,9.68468087725341,1.72050590803879,4.85126187326387,-0.422796528067682,0.655424196180896,7.02019225340337,6.12080620601773,-0.309382789883417,159.758802352204
-1.21379442030155,6.4183896058239,5.40554815437645,1.28911403075265,8.99669270496815,-0.126221129444880,1.17195677382659,3.04531011730433,5.97212954657152,0.828056793668675,128.897688882293
1.06340552379527,9.11721126409248,4.83462696429342,-0.474567767276048,2.32211424037814,-1.15588796308745,-0.381902130243106,5.69972164230421,2.02429405879229,0.719883060234751,94.0597188316844
1.13089758784881,9.99298296868801,8.84309983579442,-0.0307480802797477,1.57900132704526,-1.09242763393862,-0.144198615845911,5.42642403393984,1.41996736172587,0.95756716591806,107.209093474723
1.07208816632713,5.81431015394628,3.32167764892802,0.367326066994159,5.39560224860907,0.837204504826853,1.66995975470796,4.19539995724335,3.5760535299778,-0.801887594920897,94.0661987905513
1.06397498626500,0.249682776629925,1.57670972403139,-1.24927831929428,0.140465283766389,-0.54695692450178,1.73997247103224,0.81359637901187,2.08103859331459,-0.503590869450849,27.3174130393644
-0.538994914505264,6.42545882845297,8.397761604283,1.62930682580625,6.27643875777721,0.0108041717514168,1.49925486492159,8.28810310224071,9.75030246423557,1.87850256524634,180.451960370252
-1.67980965022657,0.338775638956577,8.77314688405022,0.746716530819948,8.48024161998183,1.70731727207645,-1.31521320933096,6.88578175613657,8.25546729844064,1.18927600926778,163.096012004581
-0.826207865552536,7.70606667734683,6.49852317525074,-0.490981843886185,0.527562247589231,0.478435211671947,-0.0228996949052972,1.21158165391535,5.62492326600477,-2.12601106535975,91.3747971977157
0.110660743522409,7.10485190618783,7.55268019158393,-0.0472560602038348,9.16697301436216,-0.618163561069714,-0.571636118417326,7.81905919313431,1.08652506489307,-0.0114028149359341,134.962105528956
0.317917149595194,9.97172862989828,2.13920373702422,1.36198408377750,3.70977184269577,0.141257723268789,1.02065791055279,1.08830285724252,5.92303289100528,-0.270996213461325,86.7342682403427
1.56694890049458,3.52613259572536,5.18125543370843,-0.351053412477847,7.42664246354252,0.0726121284967253,0.136972337204544,9.90043182624504,4.87714804708958,1.91798505309909,141.986767417052
0.251503626134075,3.59539297176525,5.49438951304182,-1.47286481537221,9.46964144241065,-0.89427936962255,1.6731860533859,1.36605602689087,5.97014146158472,0.435648409855957,118.018699979301
1.63444979777631,1.75895020365715,2.43043304886669,1.31646183226168,5.4764744755812,-1.48512277650348,-0.337331406582754,3.72837246395648,8.95004301797599,0.859416440151635,110.368214184917
-1.76800768918376,2.73069301620126,2.24434593459591,-0.0733686616263393,2.7439030748792,-0.638935694552559,-0.0227727394872023,3.57152923708782,5.47360902652144,0.737196570455795,78.0407171358273
-0.627014429252788,7.75960453553125,8.48482347559184,-2.33558197285027,1.39091191347688,0.47808062273826,1.32401528048647,2.63857074081898,9.58698142087087,0.0943782831248405,137.029593214788
1.37517326693047,5.01462012762204,6.783940452151,0.404637612378967,6.62460520863533,1.05752447085412,-0.296073301844514,0.309924581088126,4.4661445566453,0.340204438466833,99.1284270284887
-0.95256518632843,6.20773739181459,0.7493452494964,0.667541620661079,0.994453441817313,-0.99615690158724,-1.34849191647024,2.29578100610524,0.858495151624084,-0.64164155329061,36.105799867865
0.235934561244754,5.4310211725533,7.59186616633087,-1.76153979004779,2.14494566433132,-0.211137158656415,0.155480010219445,4.99620956834406,7.52401029225439,0.0780124582776185,129.421354851427
-0.105868078594260,0.0954994326457381,0.0918298261240125,-2.13459033267178,8.92988876905292,1.3815329553143,0.624818494310908,6.73511597095057,2.8335119294934,1.61258675606872,87.9177206695651
-0.0144578132334687,0.298614148050547,5.45635265298188,1.30424154226854,7.53100647823885,-0.579513770953565,0.247365463387621,0.108541748486459,4.96240838197991,-1.53259718130946,88.8962384060809
-1.45104711427387,5.46619924716651,2.20688686706126,1.05013596116389,7.65063947532326,0.446136469771274,-1.21188190500852,0.937835944350809,9.63266313774511,0.719694636493799,114.072722063636
-0.74981188447187,4.45488157682121,9.23308464931324,-0.655317719745689,7.78961908072233,0.338045189630134,-1.13997466025071,3.43079496407881,2.89126785704866,0.774007951597114,120.973055343460
-0.0888206312199172,2.66441080952063,0.770655057858676,0.458306126434912,5.99142712308094,1.27368240737957,0.0165518150969708,4.10040075657889,7.79081299202517,-0.685168705435241,101.645269205868
-0.0368545681642296,9.1606403212063,0.728955178055912,2.12504360091359,8.9583683037199,1.83873086221448,0.00637006709215887,3.53774268878624,0.86732966825366,-0.793798595915522,80.8908107462273
-0.758192704857549,4.26375303417444,0.396165682468563,0.8912905666007,6.62361426046118,-0.67608373793251,0.555024905619898,2.20338836312294,4.94965493911877,1.11014087091967,77.0978338998974
-0.733054743821488,4.72838975954801,9.5614594570361,-0.0740083797815446,4.26761855371296,-0.438198936099997,-0.910453756865626,0.0653590238653123,4.25183533225209,-0.309349940070846,101.093384886018
2.08887482334259,5.03484407206997,3.60667732311413,-1.31615312204935,7.94326870236546,-0.00299564280310035,1.34835218956207,5.42315076105297,4.26057732198387,0.510943137823454,113.821613318848
0.0202196786928637,1.40103613492101,5.14527850551531,0.594470156868855,6.97421516291797,-0.319456700122758,0.143644939908161,6.28304667305201,4.40395185956731,0.554437604307544,114.092567692817
-0.237789783595839,3.78300145966932,0.80957437865436,1.34816874295534,2.44553920812905,-0.893211350917436,-2.13411938185194,1.23918100027367,0.350113424938172,1.81043689986461,30.4346196349474
0.973168002908869,9.91783588426188,3.18404635880142,1.127892799003,8.9377737347968,0.146547428739646,0.151673843354461,5.20853857975453,5.80296823987737,-0.317998656515883,134.167670778218
0.159609622547338,4.84972406877205,2.00007873587310,0.627782400458989,1.74605021253228,-0.381485227849436,0.136169904368722,3.67264776490629,4.21264982316643,-0.229176295101095,71.1291620824856
0.132603758220694,6.37304079718888,9.03955223504454,0.627942622471879,5.40918289683759,0.0261998544656216,-0.292964802256462,1.34362168842927,4.47663498809561,-0.131175201955037,115.545088833675
-0.386866485901358,6.71601902926341,1.91429933067411,1.28552632292771,4.41778153181076,-0.59026587847813,-0.753963879512809,9.57271730760112,1.05073829879984,1.89694387842760,97.093420867144
0.59030479502915,2.18625522218645,2.45952386176214,-0.0905334114263034,1.53245559660718,0.101446211515771,-1.82034115029514,4.73959894152358,4.77573239477351,-0.0367027481610085,75.7058668262726
-1.0819410701546,0.0141635723412037,7.97740021720529,-0.74870811460991,5.53128227125853,-0.968596662386473,0.631073944518031,2.51354361651465,0.632809821981937,-1.08275399296301,77.2583360262476
-0.00318235706245253,7.13679716922343,4.45164934266359,1.79104507957441,9.32319214800373,-0.25873161217695,-1.22978339203149,9.53509828075767,1.70942666241899,-1.20592231586888,132.762697815117
-0.637140404583144,3.55365176917985,6.88304644310847,0.623825526144246,7.4193530343473,-1.12845035826945,0.979510965206017,3.99598240619525,0.567893530242145,-0.689779713722464,98.0590663349824
-1.58442025576227,6.50080216117203,5.49232282908633,-1.35171559785802,0.0276448833756149,-1.54079081290060,-1.78050342370537,3.23819935787469,6.93908969638869,0.289410970434082,100.576843374937
0.079564110571064,1.91153967054561,0.844073842745274,-0.662367074461023,9.6120442613028,1.36343924339421,0.251227988710446,9.56707850797102,8.15515459747985,1.45247436945969,143.925059655614
1.09159778283759,6.18696664227173,4.30313635850325,0.409071459277169,0.511984217446297,-0.225919222900354,0.798904107552714,6.16833454929292,4.40845120465383,-0.672290036852628,95.1583519778783
0.023113892468143,0.782908226829022,5.94126338372007,0.494739596029816,8.2358565647155,1.87956847971132,-0.331616518043323,4.33441748842597,3.59534165821970,0.656222948868038,108.577488616442
-2.04052415180257,2.26825376506895,1.25306348782033,0.792105077929408,8.98453750181943,-0.576328115411823,-0.32148017198472,2.89845996303484,1.73293058061972,-1.07664616235475,71.926868582788
1.67463596547952,2.79941749759018,1.95669719018042,-0.191593721926668,9.40806336002424,-0.598331308293333,-0.824576786938477,7.99032469978556,1.86370876617730,-0.282597327091672,104.956158371671
0.758727043419127,5.30260636005551,2.73075561970472,-0.424551892333002,1.43640918657184,-0.116898020662533,0.0638450072718784,2.70662081893533,8.64446894265711,-2.48190540314911,96.1353585130079
0.810400098023143,5.16603764379397,7.8729064296931,0.303466998810494,1.76857946440578,0.0267109953301549,-0.140425019607057,1.50930744828656,1.60041055642068,-0.134182886609409,75.2858958884375
-0.733531135972735,7.53560347482562,5.80380260478705,-2.79076649611175,4.83583269873634,0.0192204660929855,0.124693154191938,3.14340362325311,8.79165523452684,0.661301537334211,133.194844939700
0.297754966682362,8.03992595756426,3.5624239128083,-0.502325419185213,5.42463393881917,-1.29858594298195,-0.728226847142337,0.555735898669809,3.93484590109438,-0.98262418734229,82.9891097213354
0.165832505702188,5.5997075070627,8.40689623961225,-0.64961120245656,1.65039323037490,0.668098664599092,0.78524696017372,9.14805511245504,9.37064021127298,-0.318502280170675,161.766693451963
0.991261477501344,5.92587592778727,7.12908072164282,0.624281138693384,0.205895027611405,1.00460534236148,0.86709484077898,1.20238483184949,4.71909870626405,-0.484580138982574,84.474451077398
-1.94353054720499,9.29141855798662,5.99814856657758,0.413391739944042,7.76122489012778,0.410866414718444,0.452501279372857,4.83155098510906,8.18071770481765,-0.167381260165981,152.422146926070
-1.25053879635271,6.18564464850351,3.60448506660759,0.0510076388001915,5.02155124442652,-0.425058823166158,-0.917414875642222,6.88204111531377,7.17977909604087,-1.06736882098874,128.091069387728
-0.0839944581872041,1.42978737130761,7.41709446767345,1.08426020674541,5.36587019916624,-0.716064136319882,0.629205789171242,2.32424387475476,6.39221763936803,-0.281970094852949,111.489020293341
-0.70756720405908,3.83173770038411,0.438351484481245,0.984911184861783,8.4857383533381,-1.15409065610396,2.61408256761225,7.3329147673212,4.4947166973725,-0.167322206575018,108.234522698494
0.732093958014412,6.69300344772637,2.41881639696658,0.509390757290582,8.25398173416033,-0.246008193557776,-0.0453970989144033,8.78927424317226,3.71051549213007,1.05021467750078,125.705907687266
2.30847534251109,1.41652951715514,5.70975113194436,-0.532949937926324,1.29213508917019,-0.488130739329863,1.59484436547777,5.46692161587998,4.36447206418961,-2.08434114065920,89.8015012618786
-1.75367049285549,3.7668810877949,3.71549398871139,1.08027097125919,6.42385304206982,-0.0530460744656037,0.525423004471361,2.38097981316969,5.86599071277305,-0.923026701686836,100.561005840328
-1.87667078398649,9.20972966589034,2.85653244471177,-0.598682126745985,1.95807459531352,-0.268617207886829,-0.65663281393347,0.953255121130496,5.41628160281107,-0.0642793284819424,77.740434535697
0.409585331362653,6.54654125217348,4.83657063916326,0.387887137686584,7.7730184304528,-0.816248008302052,-0.427424521455554,0.497391105163842,1.10891982913017,0.196996963418281,78.9970786577243
-0.318428015774613,7.95414169784635,0.540991914458573,0.193331448273268,2.02599543612450,0.316675158097501,0.438135083485933,7.47787094675004,8.56107231928036,0.469076801145964,116.468843854746
-0.548510685886495,5.06413437891752,6.70349177904427,-0.78272642000317,3.5917171346955,-0.995297316548286,0.246706493902865,3.22687881067395,4.30970485089347,1.14136556589119,100.507055311040
0.293866498477349,7.75100776460022,3.93416973296553,-0.32499818438721,4.63648733915761,0.200319383580750,1.10641573751871,6.23904748586938,4.24617882352322,1.65777277122767,111.042615853954
0.610314454337587,9.10483388695866,6.12413231050596,1.56400987749472,1.05254042660818,-0.00953032843120666,0.141592800745443,9.00078097358346,8.56241365196183,1.32191151335645,149.070240383672
-0.0128805209639701,8.23554857401177,2.27663248544559,0.528004920404869,4.50395841151476,-0.982492934993166,1.90616592033944,4.00646614143625,7.95714532956481,-1.93588685902138,114.710722735493
1.78585357488084,4.16769198840484,6.93341294303536,-1.47128133822487,6.20048791635782,-1.61317795449912,0.09822730093223,7.8810308733955,4.93808427359909,0.354035307541147,137.293574360866
-0.962531047844288,8.6167874885723,0.220921279396862,-0.365193221517112,0.149531210772693,0.0792669633195169,2.13542611407285,3.77620804822072,1.43279580399394,1.40439795925792,45.7794994698643
1.63501233571327,6.01692587370053,6.61643819650635,0.203345119613090,2.92650094022974,0.841004880161692,-1.28829499607026,3.91896374989301,0.516581796109676,-1.70725552783309,81.3617160176205
-0.0751017483413999,6.13222084008157,2.32261927332729,0.807692116643711,8.170322177466,0.601439654216816,0.0643478082247284,2.49163794796914,9.79475407861173,-1.23581055654301,129.736520600213
0.81679144453937,4.74598371423781,8.56133891269565,-0.587785937812844,1.38671246357262,-0.91105325220847,-0.195066626089672,9.8976455302909,3.64733346039429,-0.885895899344229,131.396787924093
-0.658252870272903,5.48514769645408,1.91480877576396,-0.592443314100017,5.40056138765067,1.01960000333300,-0.439219990264340,7.2578184469603,8.38070619152859,0.141593263217334,129.878354940370
-0.844527470154636,4.26020343555138,4.36525253811851,-0.90550622843736,5.37422521272674,-0.767060144817181,-0.336502362622597,1.36812759563327,4.00515713496134,-0.172844499806032,84.0226109495686
0.261748194122390,9.02549913618714,1.19751129066572,1.07613534260593,2.81839885050431,-1.46201939712161,-0.648099926651297,3.51113018346950,2.37359537975863,-1.88393994971363,70.7565202044957
-0.7190874291799,8.25026611564681,9.57977374084294,-0.0973900860406868,4.83970612054691,0.271641912765545,0.93875249412365,2.94462997000664,7.5009461119771,2.02688196780651,146.942401420878
0.784082500033185,3.79890610231087,2.10540751228109,0.0560727464185779,7.58733141236007,0.249131166190756,-0.408031261798094,9.9633201607503,0.678097272757441,-0.0407071428229862,104.255907103927
0.696090424768534,9.88235332071781,7.59759477339685,-0.121659174706975,7.21008281223476,0.325238390620372,-1.03089145102994,2.15221499325708,7.19631822779775,-1.75423665567314,140.300163951173
0.33857867696147,3.89112100470811,2.37091615796089,0.143557702002816,6.87960428651422,0.270369184236664,1.53886013248705,6.49510841118172,4.24301837803796,0.639875215791226,107.140621857885
-1.28094809857471,5.02739045768976,7.74615191621706,-0.160992057265577,0.839267421979457,0.720212756471156,-0.75296701393932,4.72698460333049,5.8724820241332,2.24080751998205,113.219796452993
-0.938057380474134,9.72756897332147,3.66680005798116,0.997516348179823,9.25862479023635,-0.586709023459543,0.585599174132148,0.329321143217385,6.96947337361053,-0.785191265871416,118.757932606002
0.366364901994588,9.9103960650973,7.01350301736966,1.45460001618665,2.83950196113437,-0.769116032663182,-0.946932634438752,5.93844466842711,1.43744328757748,-0.463982685783301,104.547611721123
-1.55014437246474,9.20301836216822,2.78272793395445,-0.98245624127292,0.528959166258574,0.142967527577664,0.379623721364049,5.62836876604706,7.72384339477867,0.0872484422272353,110.260883221241
1.11691830427166,9.14079509908333,2.45532677508891,0.51951946242803,8.18234958685935,0.70771887808108,-0.525560798627635,2.58652891730890,0.0235642120242119,0.977190866083828,77.3467933085663
0.667516675103232,5.38694212445989,3.67908862652257,0.381855799927925,6.77998053142801,1.90079893823717,0.650583359212574,2.20650051021948,2.30580718955025,-0.128775458841534,82.065579207256
-0.136003662119243,4.55377081641927,1.44473816733807,0.84059689298604,4.32539622997865,0.432487601186752,-1.22651723394379,7.7164882211946,5.96866342937574,-1.43157476843245,107.621897537510
-0.395828398052893,4.2699139425531,9.4753844034858,-0.817698989895092,7.72346523124725,0.440543614514567,-1.57210118508003,1.41990601085126,4.20856167562306,0.60514239853379,118.399965408493
1.30749494464298,3.49342412082478,2.10603981744498,-1.04417453957014,0.109485727734864,-0.264496140361418,-1.84212966737825,9.04407364781946,8.68188407504931,1.98326316429895,114.174774371951
-0.0881059758226958,9.65874813962728,4.12878951057792,-0.226864846682819,4.71545742591843,0.457428006463033,-0.994118354278233,6.45997641375288,2.04477501101792,0.57964304085611,104.192738102678
1.30896658619068,1.73397113801911,3.18931238492951,0.0349812228891628,7.71903906250373,0.148036683552741,0.380013281144059,1.07150488998741,4.42653393838555,-1.32645659862498,82.4717187864007
-1.11179191943071,7.7256534784101,3.51432920666412,-0.219637760827791,3.61189659219235,-0.000330080948529913,-0.456773823314527,2.81588063109666,7.7327530272305,-1.33722452072719,110.178042025266
1.54738700746138,3.68969623930752,9.96277538128197,0.812342969122198,9.74937225924805,-0.523595164201136,1.52502155215163,3.32912397105247,6.75679857609794,-0.441086836894198,156.810829756067
0.583329348298067,2.29542945511639,3.62349149538204,-0.976226583259057,3.10954263666645,1.36872789736915,1.48341236339040,2.17461889842525,6.41913055675104,0.728727458863318,86.7265717500759
1.42890964231049,7.75186912389472,7.98540148418397,0.544433008696174,1.97224268224090,0.882331461136549,-2.42439476090878,8.4913534251973,5.69995424011722,-0.355669837344156,140.288869563762
1.45456240558141,7.53046640660614,8.23422816116363,-1.46160701371913,0.346265637781471,-0.562713195853295,-0.209535434526618,5.11161390459165,6.78484393516555,-0.556307453762068,125.073692496055
0.66060680273957,6.55394553439692,1.68236977187917,-1.55434012709704,3.28241633251309,1.12630172416607,-0.119993882950831,8.02724841749296,8.14595163334161,-0.178020131659237,125.62622501356
0.324190342388324,4.43463047035038,0.55521271424368,2.59016258520812,5.01687310403213,0.312972870575851,-0.0334281687816983,0.901864715851843,8.27247132081538,1.69145531447057,86.1958788734575
-2.44132822939149,1.53127826983109,1.89299443038180,-1.30783887335281,7.1356496331282,0.716537645491514,0.784703142208269,4.28412375971675,2.17081010108814,0.472313908947883,78.5873961292467
2.39640597659693,0.464025300461799,8.51502486504614,-0.65194587255284,3.9782382035628,1.16093358979385,0.662926078587674,1.00666187703609,7.29421033523977,-0.952790971545523,109.330939350284
0.124667329158498,2.9458991298452,0.155499002430588,0.315161895873744,2.95008486835286,0.69574894655459,-0.147483938632690,7.85180952399969,9.77463596267626,-0.0667604036435325,116.827364053410
0.940652210663365,3.27358212321997,0.821887392085046,1.01065778898713,3.80630924133584,0.835659197017684,-0.91401772592207,9.46665987605229,4.03609625529498,-1.57899731276159,98.4614400494318
-1.96519873443361,4.07042999519035,1.04476809734479,-1.63570119955465,7.9544220957905,-1.41637172493920,-0.0260255547845241,4.36452838592231,3.4640224929899,-0.638034002112482,87.5186740728783
-0.358946906389376,7.4718669988215,0.957360952161252,1.03070816757274,0.277342721819878,1.31597957059194,0.957291897527962,8.98861257825047,2.34438373707235,0.0179138218662998,81.6249744016464
0.305136210275253,1.72561833867803,4.06374181387946,-0.829025440654314,5.91776118148118,0.387283083226915,-1.89189165556087,8.2779193483293,1.83427294483408,-0.525832590109677,100.377811410511
1.04600822958190,3.14194238511845,7.43193111149594,-0.215694817711514,6.31938436301425,-0.87618644567698,-0.749870177115508,7.18325790017843,5.39759537903592,-1.01785695714499,136.921397755216
0.218441305294229,8.77547265496105,3.59599972842261,-1.18088094015067,1.36441931826994,0.0588548562979363,-0.360552405459203,0.367917276453227,5.07757289800793,0.767450435630408,74.0891605048916
0.856325931001921,7.58563453797251,3.25575959170237,-2.34868730414219,7.1376320766285,0.213634114698443,0.71727604635635,2.62978357728571,9.82688952470198,-0.0969153168415283,133.945641549401
0.641030693028402,7.7364042866975,8.21572868386284,1.26802902546769,4.68695658724755,0.096096619363684,0.588878668762377,1.08413029462099,4.18576352996752,-0.105989463136201,105.668817132227
0.576857972732745,0.793045328464359,9.44413205841556,-1.56894338947754,9.73380633164197,0.734352628421361,2.70750108674559,1.75289259990677,6.81587797123939,-0.644971451044725,137.916638522253
-0.205171574669359,9.10924375522882,9.67249719658867,0.789232041720915,4.85647480003536,-0.720307182717926,-0.0302348391386538,2.77933640405536,2.96162695158273,-1.25990348827002,116.506295970830
0.208419030369525,6.45428239367902,9.6906574210152,-0.287326206820622,9.45282952161506,1.96534471308333,-0.520430821982587,8.29547571018338,3.79534427076578,1.26256820953082,164.418497149631
-0.72964263213117,1.92095337202772,6.7708752118051,0.863635837656083,1.18759038858116,0.163300697940563,-0.56677065181257,0.175119906198233,8.90723829623312,-0.238875130118657,96.914358379733
-0.373518506092008,6.1669670837,8.26706197112799,1.01037243159535,5.10888281511143,-0.331457702609839,-1.65144212711059,3.30917658284307,9.5056713372469,1.59221126825421,150.333062983077
-0.599309274424427,5.45500026782975,0.293973926454782,-0.304635186291193,6.78835878381506,0.429153714591235,-0.199378425983745,5.21817697677761,9.07487750053406,0.804902591386537,120.195179653433
0.626187256857688,3.94568958086893,6.03078283602372,1.53038854175853,4.16280467761680,0.65056014513452,0.308019185286032,6.60920555237681,2.75918628554791,-0.566271552250112,106.306393632544
-0.231715966717438,0.999177976045758,1.82200185954571,-0.154411828062227,3.80937766283751,0.960388082101368,0.064800708690886,3.0748874717392,3.06540718302131,1.04047324084120,61.4518810062217
0.394585763404149,0.623725161422044,1.90326629672199,0.809341293322934,6.43502867547795,0.958156934913939,1.16984256286964,8.99835346266627,6.78306691581383,-2.07017844419420,122.829234359834
-0.99070139109758,0.826505690347403,5.35186601104215,-0.28243940978639,4.30830866098404,-0.463450198864605,1.17377895525856,9.0485728578642,3.10078999726102,-0.899360777404802,111.257248849706
0.642371944229916,6.5575390891172,0.0730828708037734,0.206987451849854,9.79228789685294,-0.73766716166611,1.41932178462000,5.73797306744382,8.90523934969679,0.888477781316543,135.717211114802
1.05765328070257,3.87031655525789,1.98028004495427,0.479580098814297,6.19859838392586,0.0144123816097987,1.46946933400137,9.37847918830812,5.0489710085094,0.414244100369452,120.516550376971
-0.536190543973471,4.08692728728056,4.56540227169171,2.18209463930597,5.20124224247411,-0.826907087226351,-0.18754424730795,7.04926280071959,4.69834650168195,-0.03498891738645,114.638990530206
-1.97547610977304,1.99603152927011,8.02836805116385,-0.159916908837624,9.07871967181563,1.89995239399465,1.94293139843587,9.82674135128036,5.01424617599696,0.0248432471951168,159.539350243928
0.610695704749942,0.247181116137654,0.784159454051405,1.10137844499473,8.98986907210201,-0.872904478706398,0.525745298461475,3.20980950491503,4.75317477947101,0.430669649607402,87.0554245251394
